;;GO_term;GeneCount;FoldEnrichment;FDR;;
1;GO:0009987;cellular process ;2777;1,57;1,16E-202;;2,94
2;GO:0008152;metabolic process ;2245;1,5;1,78E-131;;1,21
3;GO:0071704;organic substance metabolic process ;2104;1,51;1,00E-125;;
4;GO:0044238;primary metabolic process ;1975;1,52;1,11E-121;;
5;GO:0044237;cellular metabolic process ;1722;1,51;1,79E-101;;
6;GO:0065007;biological regulation ;1027;1,72;1,43E-98;;
7;GO:0006807;nitrogen compound metabolic process ;1725;1,5;4,63E-96;;
8;GO:0050789;regulation of biological process ;921;1,71;3,35E-87;;
9;GO:0050794;regulation of cellular process ;879;1,71;3,28E-83;;
10;GO:0043170;macromolecule metabolic process ;1505;1,49;9,45E-81;;
11;GO:1901564;organonitrogen compound metabolic process ;1274;1,54;1,26E-78;;
12;GO:0051252;regulation of RNA metabolic process ;459;1,94;4,35E-65;;
13;GO:0019219;regulation of nucleobase-containing compound metabolic process ;468;1,92;1,99E-64;;
14;GO:0009889;regulation of biosynthetic process ;559;1,8;1,01E-62;;
15;GO:0010468;regulation of gene expression ;548;1,81;1,49E-62;;
16;GO:0031326;regulation of cellular biosynthetic process ;558;1,8;1,56E-62;;
17;GO:0010556;regulation of macromolecule biosynthetic process ;548;1,81;1,74E-62;;
18;GO:0051179;localization ;733;1,66;4,54E-62;;
19;GO:0019222;regulation of metabolic process ;616;1,75;5,99E-62;;
20;GO:0031323;regulation of cellular metabolic process ;598;1,76;8,37E-62;;
21;GO:2001141;regulation of RNA biosynthetic process ;412;1,97;4,34E-61;;
22;GO:0006355;regulation of DNA-templated transcription ;412;1,97;4,53E-61;;
23;GO:0060255;regulation of macromolecule metabolic process ;596;1,75;1,04E-60;;
24;GO:0080090;regulation of primary metabolic process ;521;1,81;2,70E-59;;
25;GO:0051171;regulation of nitrogen compound metabolic process ;513;1,8;1,50E-57;;
26;GO:0019538;protein metabolic process ;969;1,52;1,91E-55;;
27;GO:0051234;establishment of localization ;675;1,65;4,29E-55;;
28;GO:0006796;phosphate-containing compound metabolic process ;549;1,7;1,40E-50;;
29;GO:0006793;phosphorus metabolic process ;552;1,7;2,25E-50;;
30;GO:0006810;transport ;628;1,64;2,40E-50;;
31;GO:0043412;macromolecule modification ;703;1,53;4,66E-42;;
32;GO:0050896;response to stimulus ;708;1,52;6,63E-41;;
33;GO:0036211;protein modification process ;597;1,55;1,99E-37;;
34;GO:0009056;catabolic process ;472;1,64;5,23E-37;;
35;GO:0006725;cellular aromatic compound metabolic process ;701;1,49;2,55E-36;;
36;GO:0016043;cellular component organization ;495;1,61;4,50E-36;;
37;GO:0009058;biosynthetic process ;869;1,42;7,36E-36;;
38;GO:0071840;cellular component organization or biogenesis ;595;1,53;1,65E-35;;
39;GO:1901360;organic cyclic compound metabolic process ;722;1,47;2,41E-35;;
40;GO:1901575;organic substance catabolic process ;436;1,64;2,06E-34;;
41;GO:0006357;regulation of transcription by RNA polymerase II ;224;1,98;3,93E-34;;
42;GO:1901576;organic substance biosynthetic process ;844;1,42;5,15E-34;;
43;GO:0046483;heterocycle metabolic process ;664;1,47;4,79E-33;;
44;GO:0044249;cellular biosynthetic process ;813;1,42;7,12E-33;;
45;GO:0034641;cellular nitrogen compound metabolic process ;729;1,44;1,12E-31;;
46;GO:0051716;cellular response to stimulus ;413;1,62;2,98E-31;;
47;GO:0006139;nucleobase-containing compound metabolic process ;610;1,46;3,40E-29;;
48;GO:1901565;organonitrogen compound catabolic process ;314;1,67;1,74E-26;;
49;GO:0044281;small molecule metabolic process ;360;1,61;1,77E-26;;
50;GO:0006996;organelle organization ;342;1,61;1,80E-25;;
51;GO:0016310;phosphorylation ;290;1,68;3,56E-25;;
52;GO:0006468;protein phosphorylation ;274;1,67;1,79E-23;;
53;GO:0055085;transmembrane transport ;267;1,69;1,97E-23;;
54;GO:0051641;cellular localization ;291;1,61;3,73E-21;;
55;GO:0005975;carbohydrate metabolic process ;165;1,87;7,32E-21;;
56;GO:0007154;cell communication ;243;1,67;1,74E-20;;
57;GO:0007165;signal transduction ;235;1,67;3,68E-20;;
58;GO:0009059;macromolecule biosynthetic process ;557;1,39;4,42E-20;;
59;GO:0023052;signaling ;235;1,67;4,47E-20;;
60;GO:0033036;macromolecule localization ;240;1,66;9,27E-20;;
61;GO:0071702;organic substance transport ;238;1,66;9,79E-20;;
62;GO:0006950;response to stress ;430;1,45;1,25E-19;;
63;GO:0090304;nucleic acid metabolic process ;481;1,41;4,85E-19;;
64;GO:0009057;macromolecule catabolic process ;289;1,56;8,52E-19;;
65;GO:0019637;organophosphate metabolic process ;196;1,7;5,26E-18;;
66;GO:0044248;cellular catabolic process ;201;1,67;2,63E-17;;
67;GO:0008104;protein localization ;205;1,66;3,17E-17;;
68;GO:0070727;cellular macromolecule localization ;205;1,66;3,22E-17;;
69;GO:0043436;oxoacid metabolic process ;214;1,64;6,18E-17;;
70;GO:0006082;organic acid metabolic process ;214;1,64;6,27E-17;;
71;GO:0019752;carboxylic acid metabolic process ;213;1,64;9,11E-17;;
72;GO:0010467;gene expression ;463;1,39;1,89E-16;;
73;GO:0061024;membrane organization ;96;2,05;3,22E-16;;
74;GO:0016070;RNA metabolic process ;376;1,43;4,76E-16;;
75;GO:0051603;proteolysis involved in protein catabolic process ;229;1,58;7,46E-16;;
76;GO:0030163;protein catabolic process ;230;1,58;1,12E-15;;
77;GO:0006508;proteolysis ;256;1,53;2,02E-15;;
78;GO:0071705;nitrogen compound transport ;202;1,61;8,01E-15;;
79;GO:0044255;cellular lipid metabolic process ;187;1,64;8,03E-15;;
80;GO:0051649;establishment of localization in cell ;190;1,63;9,82E-15;;
81;GO:0006629;lipid metabolic process ;223;1,57;1,01E-14;;
82;GO:0016192;vesicle-mediated transport ;199;1,6;2,21E-14;;
83;GO:0043632;modification-dependent macromolecule catabolic process ;185;1,6;2,52E-13;;
84;GO:0019941;modification-dependent protein catabolic process ;181;1,59;5,40E-13;;
85;GO:0045184;establishment of protein localization ;160;1,63;1,09E-12;;
86;GO:0032502;developmental process ;105;1,83;1,42E-12;;
87;GO:0035556;intracellular signal transduction ;99;1,85;1,99E-12;;
88;GO:0006511;ubiquitin-dependent protein catabolic process ;170;1,6;2,87E-12;;
89;GO:0043933;protein-containing complex organization ;179;1,57;5,81E-12;;
90;GO:0033554;cellular response to stress ;187;1,55;7,07E-12;;
91;GO:0072521;purine-containing compound metabolic process ;104;1,8;1,06E-11;;
92;GO:0055086;nucleobase-containing small molecule metabolic process ;129;1,69;1,47E-11;;
93;GO:0051254;positive regulation of RNA metabolic process ;96;1,82;2,06E-11;;
94;GO:0009117;nucleotide metabolic process ;110;1,75;2,13E-11;;
95;GO:0046907;intracellular transport ;170;1,57;2,78E-11;;
96;GO:0006753;nucleoside phosphate metabolic process ;116;1,71;4,20E-11;;
97;GO:0044271;cellular nitrogen compound biosynthetic process ;260;1,43;5,66E-11;;
98;GO:0015031;protein transport ;129;1,66;5,77E-11;;
99;GO:0018209;peptidyl-serine modification ;54;2,18;8,10E-11;;
100;GO:0018105;peptidyl-serine phosphorylation ;54;2,18;8,18E-11;;
101;GO:0006163;purine nucleotide metabolic process ;97;1,78;9,01E-11;;
102;GO:1901135;carbohydrate derivative metabolic process ;145;1,6;9,52E-11;;
103;GO:0042592;homeostatic process ;96;1,79;1,10E-10;;
104;GO:0045935;positive regulation of nucleobase-containing compound metabolic process ;96;1,79;1,11E-10;;
105;GO:0016311;dephosphorylation ;84;1,86;1,17E-10;;
106;GO:0048522;positive regulation of cellular process ;116;1,68;2,06E-10;;
107;GO:0016052;carbohydrate catabolic process ;70;1,94;2,44E-10;;
108;GO:0007010;cytoskeleton organization ;92;1,78;3,09E-10;;
109;GO:0010498;proteasomal protein catabolic process ;113;1,68;5,20E-10;;
110;GO:0048878;chemical homeostasis ;83;1,82;5,80E-10;;
111;GO:0006886;intracellular protein transport ;100;1,73;6,57E-10;;
112;GO:0048518;positive regulation of biological process ;126;1,63;6,64E-10;;
113;GO:0044282;small molecule catabolic process ;71;1,9;1,10E-09;;
114;GO:0019362;pyridine nucleotide metabolic process ;54;2,06;1,37E-09;;
115;GO:0046496;nicotinamide nucleotide metabolic process ;54;2,06;1,38E-09;;
116;GO:1901566;organonitrogen compound biosynthetic process ;285;1,37;1,40E-09;;
117;GO:0044085;cellular component biogenesis ;267;1,38;1,76E-09;;
118;GO:1902680;positive regulation of RNA biosynthetic process ;67;1,91;2,03E-09;;
119;GO:0016567;protein ubiquitination ;132;1,58;2,04E-09;;
120;GO:0045893;positive regulation of DNA-templated transcription ;67;1,91;2,05E-09;;
121;GO:0043161;proteasome-mediated ubiquitin-dependent protein catabolic process ;93;1,73;2,16E-09;;
122;GO:0019439;aromatic compound catabolic process ;99;1,7;2,22E-09;;
123;GO:0006520;amino acid metabolic process ;133;1,58;2,59E-09;;
124;GO:0022607;cellular component assembly ;165;1,5;2,98E-09;;
125;GO:0019438;aromatic compound biosynthetic process ;168;1,5;3,09E-09;;
126;GO:0048856;anatomical structure development ;78;1,81;3,83E-09;;
127;GO:0018193;peptidyl-amino acid modification ;117;1,62;4,22E-09;;
128;GO:0031325;positive regulation of cellular metabolic process ;101;1,68;4,51E-09;;
129;GO:1901361;organic cyclic compound catabolic process ;99;1,68;4,86E-09;;
130;GO:0032446;protein modification by small protein conjugation ;143;1,54;4,91E-09;;
131;GO:0070647;protein modification by small protein conjugation or removal ;184;1,46;4,94E-09;;
132;GO:0098662;inorganic cation transmembrane transport ;68;1,87;5,16E-09;;
133;GO:0019693;ribose phosphate metabolic process ;84;1,75;6,01E-09;;
134;GO:0043687;post-translational protein modification ;187;1,45;7,81E-09;;
135;GO:0005996;monosaccharide metabolic process ;46;2,11;7,90E-09;;
136;GO:0065008;regulation of biological quality ;99;1,66;1,04E-08;;
137;GO:0051173;positive regulation of nitrogen compound metabolic process ;110;1,63;1,04E-08;;
138;GO:0010256;endomembrane system organization ;52;2,01;1,14E-08;;
139;GO:0072524;pyridine-containing compound metabolic process ;55;1,97;1,19E-08;;
140;GO:0032787;monocarboxylic acid metabolic process ;92;1,69;1,35E-08;;
141;GO:0009893;positive regulation of metabolic process ;111;1,62;1,35E-08;;
142;GO:0010604;positive regulation of macromolecule metabolic process ;111;1,62;1,36E-08;;
143;GO:0018130;heterocycle biosynthetic process ;147;1,51;1,70E-08;;
144;GO:0006351;DNA-templated transcription ;67;1,84;1,80E-08;;
145;GO:0030029;actin filament-based process ;39;2,21;2,07E-08;;
146;GO:1901362;organic cyclic compound biosynthetic process ;178;1,45;2,28E-08;;
147;GO:0009259;ribonucleotide metabolic process ;78;1,75;2,41E-08;;
148;GO:0030036;actin cytoskeleton organization ;36;2,25;2,61E-08;;
149;GO:0006811;monoatomic ion transport ;82;1,72;2,76E-08;;
150;GO:0006006;glucose metabolic process ;33;2,31;3,79E-08;;
151;GO:0032774;RNA biosynthetic process ;67;1,82;3,97E-08;;
152;GO:0016051;carbohydrate biosynthetic process ;70;1,79;4,01E-08;;
153;GO:0098660;inorganic ion transmembrane transport ;70;1,79;4,04E-08;;
154;GO:0034220;monoatomic ion transmembrane transport ;55;1,93;4,18E-08;;
155;GO:0016054;organic acid catabolic process ;52;1,96;4,26E-08;;
156;GO:0046395;carboxylic acid catabolic process ;52;1,96;4,29E-08;;
157;GO:0033365;protein localization to organelle ;96;1,64;4,89E-08;;
158;GO:0051640;organelle localization ;51;1,97;5,05E-08;;
159;GO:0006952;defense response ;181;1,43;5,63E-08;;
160;GO:0032501;multicellular organismal process ;61;1,85;7,16E-08;;
161;GO:0007275;multicellular organism development ;61;1,85;7,20E-08;;
162;GO:0034654;nucleobase-containing compound biosynthetic process ;120;1,55;7,50E-08;;
163;GO:0098655;monoatomic cation transmembrane transport ;53;1,92;8,48E-08;;
164;GO:0006470;protein dephosphorylation ;61;1,83;1,02E-07;;
165;GO:0044283;small molecule biosynthetic process ;124;1,53;1,02E-07;;
166;GO:0010033;response to organic substance ;86;1,66;1,13E-07;;
167;GO:0006897;endocytosis ;40;2,1;1,17E-07;;
168;GO:0009150;purine ribonucleotide metabolic process ;69;1,76;1,23E-07;;
169;GO:0030001;metal ion transport ;67;1,78;1,27E-07;;
170;GO:0072523;purine-containing compound catabolic process ;39;2,12;1,29E-07;;
171;GO:0006812;monoatomic cation transport ;78;1,7;1,29E-07;;
172;GO:0098657;import into cell ;43;2,04;1,39E-07;;
173;GO:0042221;response to chemical ;123;1,53;1,39E-07;;
174;GO:0006195;purine nucleotide catabolic process ;35;2,19;1,58E-07;;
175;GO:0006644;phospholipid metabolic process ;72;1,74;1,82E-07;;
176;GO:0097435;supramolecular fiber organization ;48;1,96;1,84E-07;;
177;GO:0007015;actin filament organization ;32;2,24;2,11E-07;;
178;GO:0031328;positive regulation of cellular biosynthetic process ;72;1,72;2,21E-07;;
179;GO:0009891;positive regulation of biosynthetic process ;72;1,72;2,22E-07;;
180;GO:0010557;positive regulation of macromolecule biosynthetic process ;72;1,72;2,24E-07;;
181;GO:0071824;protein-DNA complex organization ;67;1,76;2,41E-07;;
182;GO:0046434;organophosphate catabolic process ;51;1,9;2,53E-07;;
183;GO:0019318;hexose metabolic process ;37;2,13;2,86E-07;;
184;GO:0009166;nucleotide catabolic process ;35;2,14;3,27E-07;;
185;GO:0043603;amide metabolic process ;178;1,4;3,32E-07;;
186;GO:1901136;carbohydrate derivative catabolic process ;43;2,01;4,06E-07;;
187;GO:0050801;monoatomic ion homeostasis ;52;1,86;4,58E-07;;
188;GO:0015711;organic anion transport ;63;1,76;4,99E-07;;
189;GO:0016071;mRNA metabolic process ;133;1,48;5,24E-07;;
190;GO:0006091;generation of precursor metabolites and energy ;87;1,61;6,19E-07;;
191;GO:0009261;ribonucleotide catabolic process ;33;2,16;6,34E-07;;
192;GO:0009154;purine ribonucleotide catabolic process ;33;2,16;6,37E-07;;
193;GO:0009725;response to hormone ;51;1,85;7,95E-07;;
194;GO:0005976;polysaccharide metabolic process ;68;1,69;1,10E-06;;
195;GO:0006366;transcription by RNA polymerase II ;41;1,98;1,23E-06;;
196;GO:0016050;vesicle organization ;52;1,82;1,36E-06;;
197;GO:0006898;receptor-mediated endocytosis ;23;2,42;1,59E-06;;
198;GO:0055080;monoatomic cation homeostasis ;49;1,85;1,62E-06;;
199;GO:0009072;aromatic amino acid metabolic process ;35;2,06;1,69E-06;;
200;GO:0009605;response to external stimulus ;168;1,38;2,58E-06;;
201;GO:0006096;glycolytic process ;31;2,12;2,72E-06;;
202;GO:0046700;heterocycle catabolic process ;84;1,58;2,77E-06;;
203;GO:0044270;cellular nitrogen compound catabolic process ;84;1,58;2,78E-06;;
204;GO:0009719;response to endogenous stimulus ;51;1,81;3,65E-06;;
205;GO:0034655;nucleobase-containing compound catabolic process ;79;1,6;3,95E-06;;
206;GO:0019725;cellular homeostasis ;58;1,72;4,14E-06;;
207;GO:0000398;mRNA splicing, via spliceosome ;77;1,61;4,34E-06;;
208;GO:1901605;alpha-amino acid metabolic process ;88;1,55;4,61E-06;;
209;GO:0015849;organic acid transport ;55;1,74;5,39E-06;;
210;GO:0046942;carboxylic acid transport ;55;1,74;5,42E-06;;
211;GO:0046486;glycerolipid metabolic process ;55;1,74;5,45E-06;;
212;GO:0000375;RNA splicing, via transesterification reactions ;78;1,59;5,59E-06;;
213;GO:0000377;RNA splicing, via transesterification reactions with bulged adenosine as nucleophile ;78;1,59;5,62E-06;;
214;GO:0098542;defense response to other organism ;153;1,39;5,62E-06;;
215;GO:0009607;response to biotic stimulus ;153;1,39;5,65E-06;;
216;GO:0051707;response to other organism ;153;1,39;5,67E-06;;
217;GO:0043207;response to external biotic stimulus ;153;1,39;5,70E-06;;
218;GO:0048869;cellular developmental process ;41;1,88;6,35E-06;;
219;GO:0006352;DNA-templated transcription initiation ;32;2,05;6,47E-06;;
220;GO:0044419;biological process involved in interspecies interaction between organisms ;153;1,38;7,71E-06;;
221;GO:0008380;RNA splicing ;84;1,55;7,98E-06;;
222;GO:1901292;nucleoside phosphate catabolic process ;39;1,91;9,29E-06;;
223;GO:0006397;mRNA processing ;88;1,53;1,10E-05;;
224;GO:0009199;ribonucleoside triphosphate metabolic process ;44;1,82;1,11E-05;;
225;GO:0044242;cellular lipid catabolic process ;42;1,84;1,12E-05;;
226;GO:0016042;lipid catabolic process ;42;1,84;1,12E-05;;
227;GO:0006518;peptide metabolic process ;147;1,39;1,13E-05;;
228;GO:0071554;cell wall organization or biogenesis ;66;1,63;1,34E-05;;
229;GO:0090407;organophosphate biosynthetic process ;94;1,5;1,35E-05;;
230;GO:0072583;clathrin-dependent endocytosis ;19;2,43;1,39E-05;;
231;GO:0051668;localization within membrane ;64;1,64;1,45E-05;;
232;GO:0030154;cell differentiation ;40;1,87;1,73E-05;;
233;GO:0072594;establishment of protein localization to organelle ;76;1,56;1,87E-05;;
234;GO:0009144;purine nucleoside triphosphate metabolic process ;41;1,83;1,91E-05;;
235;GO:0009134;nucleoside diphosphate catabolic process ;35;1,91;2,54E-05;;
236;GO:0072657;protein localization to membrane ;55;1,67;2,81E-05;;
237;GO:0007029;endoplasmic reticulum organization ;22;2,23;2,84E-05;;
238;GO:0009451;RNA modification ;102;1,45;3,56E-05;;
239;GO:0055082;intracellular chemical homeostasis ;45;1,76;3,84E-05;;
240;GO:0009141;nucleoside triphosphate metabolic process ;45;1,76;3,85E-05;;
241;GO:0006338;chromatin remodeling ;49;1,72;4,29E-05;;
242;GO:0051156;glucose 6-phosphate metabolic process ;19;2,33;4,30E-05;;
243;GO:0009132;nucleoside diphosphate metabolic process ;38;1,83;4,71E-05;;
244;GO:0030258;lipid modification ;40;1,81;4,85E-05;;
245;GO:0009205;purine ribonucleoside triphosphate metabolic process ;40;1,81;4,87E-05;;
246;GO:0051604;protein maturation ;99;1,45;5,06E-05;;
247;GO:0009074;aromatic amino acid family catabolic process ;16;2,48;5,39E-05;;
248;GO:0007049;cell cycle ;109;1,42;6,12E-05;;
249;GO:0006325;chromatin organization ;50;1,69;6,17E-05;;
250;GO:0006396;RNA processing ;192;1,3;6,24E-05;;
251;GO:0046034;ATP metabolic process ;39;1,79;7,81E-05;;
252;GO:0006869;lipid transport ;23;2,11;8,34E-05;;
253;GO:0006790;sulfur compound metabolic process ;91;1,45;8,51E-05;;
254;GO:0010876;lipid localization ;27;1,99;9,17E-05;;
255;GO:0022411;cellular component disassembly ;49;1,68;9,28E-05;;
256;GO:0008610;lipid biosynthetic process ;106;1,41;9,47E-05;;
257;GO:1905039;carboxylic acid transmembrane transport ;41;1,75;9,65E-05;;
258;GO:1903825;organic acid transmembrane transport ;41;1,75;9,69E-05;;
259;GO:0032984;protein-containing complex disassembly ;31;1,9;0,000108;;
260;GO:0070925;organelle assembly ;70;1,52;0,000122;;
261;GO:0018107;peptidyl-threonine phosphorylation ;15;2,45;0,000127;;
262;GO:0006974;DNA damage response ;95;1,43;0,000153;;
263;GO:0051239;regulation of multicellular organismal process ;16;2,35;0,000172;;
264;GO:0006739;NADP metabolic process ;16;2,35;0,000173;;
265;GO:0006457;protein folding ;77;1,48;0,000181;;
266;GO:0006650;glycerophospholipid metabolic process ;47;1,67;0,000183;;
267;GO:1903311;regulation of mRNA metabolic process ;41;1,72;0,000186;;
268;GO:0045944;positive regulation of transcription by RNA polymerase II ;27;1,94;0,000207;;
269;GO:0009063;amino acid catabolic process ;27;1,94;0,000208;;
270;GO:0006399;tRNA metabolic process ;68;1,52;0,000216;;
271;GO:0051261;protein depolymerization ;18;2,21;0,000244;;
272;GO:0065003;protein-containing complex assembly ;102;1,4;0,000245;;
273;GO:0006873;intracellular monoatomic ion homeostasis ;36;1,76;0,000254;;
274;GO:0030003;intracellular monoatomic cation homeostasis ;36;1,76;0,000255;;
275;GO:0006839;mitochondrial transport ;34;1,79;0,00026;;
276;GO:0016053;organic acid biosynthetic process ;82;1,44;0,000275;;
277;GO:0046394;carboxylic acid biosynthetic process ;82;1,44;0,000276;;
278;GO:0006865;amino acid transport ;44;1,66;0,000293;;
279;GO:0006367;transcription initiation at RNA polymerase II promoter ;21;2,06;0,000322;;
280;GO:0050793;regulation of developmental process ;33;1,8;0,000328;;
281;GO:0034605;cellular response to heat ;24;1,96;0,00034;;
282;GO:0006906;vesicle fusion ;24;1,96;0,000341;;
283;GO:0090174;organelle membrane fusion ;26;1,91;0,000362;;
284;GO:0003333;amino acid transmembrane transport ;37;1,73;0,000383;;
285;GO:0046488;phosphatidylinositol metabolic process ;37;1,73;0,000385;;
286;GO:0006605;protein targeting ;63;1,51;0,000402;;
287;GO:0006066;alcohol metabolic process ;30;1,84;0,00041;;
288;GO:0009628;response to abiotic stimulus ;74;1,46;0,000412;;
289;GO:0046839;phospholipid dephosphorylation ;22;2,02;0,000439;;
290;GO:0042446;hormone biosynthetic process ;16;2,24;0,000449;;
291;GO:1901615;organic hydroxy compound metabolic process ;72;1,46;0,000481;;
292;GO:0170033;L-amino acid metabolic process ;62;1,51;0,000492;;
293;GO:0061025;membrane fusion ;27;1,89;0,000498;;
294;GO:0043604;amide biosynthetic process ;120;1,34;0,000505;;
295;GO:0070887;cellular response to chemical stimulus ;60;1,52;0,000507;;
296;GO:0032870;cellular response to hormone stimulus ;32;1,78;0,000513;;
297;GO:0009755;hormone-mediated signaling pathway ;32;1,78;0,000514;;
298;GO:0000226;microtubule cytoskeleton organization ;51;1,56;0,000617;;
299;GO:0048284;organelle fusion ;27;1,85;0,000645;;
300;GO:0006259;DNA metabolic process ;112;1,34;0,000662;;
301;GO:0006885;regulation of pH ;22;1,96;0,000674;;
302;GO:0051656;establishment of organelle localization ;22;1,96;0,000676;;
303;GO:0046856;phosphatidylinositol dephosphorylation ;18;2,12;0,000677;;
304;GO:0065009;regulation of molecular function ;59;1,51;7,00E-04;;
305;GO:0051017;actin filament bundle assembly ;10;2,67;0,000703;;
306;GO:0061572;actin filament bundle organization ;10;2,67;0,000706;;
307;GO:0000271;polysaccharide biosynthetic process ;43;1,62;0,000738;;
308;GO:0048731;system development ;35;1,72;0,000753;;
309;GO:0006281;DNA repair ;88;1,4;0,000762;;
310;GO:0006607;NLS-bearing protein import into nucleus ;8;2,94;0,000788;;
311;GO:0070588;calcium ion transmembrane transport ;17;2,17;0,000791;;
312;GO:0170039;proteinogenic amino acid metabolic process ;57;1,51;0,000796;;
313;GO:0019319;hexose biosynthetic process ;14;2,29;0,000805;;
314;GO:0051345;positive regulation of hydrolase activity ;14;2,29;0,000808;;
315;GO:0098771;inorganic ion homeostasis ;29;1,78;0,000858;;
316;GO:0048523;negative regulation of cellular process ;105;1,35;0,000871;;
317;GO:0044042;glucan metabolic process ;35;1,69;0,000895;;
318;GO:0044093;positive regulation of molecular function ;20;2,03;0,000954;;
319;GO:0090150;establishment of protein localization to membrane ;42;1,6;0,00108;;
320;GO:0008652;amino acid biosynthetic process ;51;1,53;0,00108;;
321;GO:0008154;actin polymerization or depolymerization ;11;2,49;0,00111;;
322;GO:1901607;alpha-amino acid biosynthetic process ;54;1,51;0,00114;;
323;GO:0043085;positive regulation of catalytic activity ;18;2,04;0,0012;;
324;GO:0050790;regulation of catalytic activity ;57;1,5;0,0012;;
325;GO:0071495;cellular response to endogenous stimulus ;32;1,71;0,00121;;
326;GO:0043043;peptide biosynthetic process ;103;1,35;0,00125;;
327;GO:0006816;calcium ion transport ;17;2,08;0,00126;;
328;GO:0006412;translation ;103;1,35;0,00126;;
329;GO:0043487;regulation of RNA stability ;30;1,73;0,00129;;
330;GO:0009791;post-embryonic development ;30;1,73;0,0013;;
331;GO:0043648;dicarboxylic acid metabolic process ;27;1,8;0,00133;;
332;GO:0007005;mitochondrion organization ;48;1,55;0,00137;;
333;GO:2000026;regulation of multicellular organismal development ;12;2,35;0,00145;;
334;GO:0009408;response to heat ;37;1,65;0,00146;;
335;GO:0048519;negative regulation of biological process ;105;1,34;0,00148;;
336;GO:0009266;response to temperature stimulus ;41;1,59;0,00156;;
337;GO:0043547;positive regulation of GTPase activity ;13;2,25;0,00174;;
338;GO:1901137;carbohydrate derivative biosynthetic process ;71;1,42;0,0018;;
339;GO:0071310;cellular response to organic substance ;40;1,59;0,00199;;
340;GO:0015748;organophosphate ester transport ;16;2,05;0,00244;;
341;GO:0022402;cell cycle process ;93;1,34;0,00252;;
342;GO:1990542;mitochondrial transmembrane transport ;28;1,72;0,00258;;
343;GO:0030042;actin filament depolymerization ;10;2,45;0,0026;;
344;GO:0000041;transition metal ion transport ;21;1,87;0,0026;;
345;GO:0015718;monocarboxylic acid transport ;10;2,45;0,00261;;
346;GO:0034976;response to endoplasmic reticulum stress ;32;1,65;0,00265;;
347;GO:0009308;amine metabolic process ;32;1,65;0,00266;;
348;GO:0140694;non-membrane-bounded organelle assembly ;48;1,5;0,00266;;
349;GO:0048193;Golgi vesicle transport ;63;1,43;0,00304;;
350;GO:1901700;response to oxygen-containing compound ;63;1,43;0,00305;;
351;GO:0042445;hormone metabolic process ;29;1,71;0,00313;;
352;GO:0072655;establishment of protein localization to mitochondrion ;25;1,75;0,0034;;
353;GO:0070585;protein localization to mitochondrion ;25;1,75;0,00341;;
354;GO:0065004;protein-DNA complex assembly ;23;1,78;0,00357;;
355;GO:0031329;regulation of cellular catabolic process ;33;1,62;0,00359;;
356;GO:0061013;regulation of mRNA catabolic process ;29;1,67;0,00367;;
357;GO:0010605;negative regulation of macromolecule metabolic process ;84;1,34;0,00397;;
358;GO:0010817;regulation of hormone levels ;34;1,61;0,00414;;
359;GO:0000278;mitotic cell cycle ;75;1,37;0,00415;;
360;GO:0006997;nucleus organization ;8;2,61;0,00428;;
361;GO:0031324;negative regulation of cellular metabolic process ;85;1,34;0,00432;;
362;GO:0061077;chaperone-mediated protein folding ;22;1,8;0,00441;;
363;GO:0043488;regulation of mRNA stability ;28;1,68;0,00471;;
364;GO:0045017;glycerolipid biosynthetic process ;35;1,58;0,00541;;
365;GO:0009892;negative regulation of metabolic process ;85;1,33;0,00566;;
366;GO:0010027;thylakoid membrane organization ;6;2,94;0,00578;;
367;GO:0006631;fatty acid metabolic process ;40;1,53;0,00578;;
368;GO:0009668;plastid membrane organization ;6;2,94;0,0058;;
369;GO:0000165;MAPK cascade ;9;2,41;0,006;;
370;GO:0000209;protein polyubiquitination ;35;1,56;0,00605;;
371;GO:0170034;L-amino acid biosynthetic process ;40;1,51;0,00646;;
372;GO:0170038;proteinogenic amino acid biosynthetic process ;40;1,51;0,00647;;
373;GO:1903313;positive regulation of mRNA metabolic process ;29;1,64;0,00651;;
374;GO:0006720;isoprenoid metabolic process ;43;1,49;0,00667;;
375;GO:0031146;SCF-dependent proteasomal ubiquitin-dependent protein catabolic process ;36;1,56;0,00679;;
376;GO:0034660;ncRNA metabolic process ;125;1,25;0,00714;;
377;GO:1990778;protein localization to cell periphery ;10;2,26;0,00715;;
378;GO:0055088;lipid homeostasis ;21;1,76;0,00715;;
379;GO:0009073;aromatic amino acid family biosynthetic process ;19;1,8;0,00749;;
380;GO:0009260;ribonucleotide biosynthetic process ;36;1,53;0,00752;;
381;GO:0090630;activation of GTPase activity ;11;2,16;0,0078;;
382;GO:0009657;plastid organization ;25;1,67;0,00781;;
383;GO:0042546;cell wall biogenesis ;39;1,51;0,00798;;
384;GO:0071826;protein-RNA complex organization ;53;1,42;0,00844;;
385;GO:0006626;protein targeting to mitochondrion ;23;1,69;0,0086;;
386;GO:0007059;chromosome segregation ;30;1,6;0,0086;;
387;GO:0050684;regulation of mRNA processing ;14;1,96;0,00861;;
388;GO:0051493;regulation of cytoskeleton organization ;14;1,96;0,00864;;
389;GO:0051726;regulation of cell cycle ;56;1,4;0,00881;;
390;GO:0006892;post-Golgi vesicle-mediated transport ;16;1,88;0,00883;;
391;GO:0072329;monocarboxylic acid catabolic process ;16;1,88;0,00885;;
392;GO:0046165;alcohol biosynthetic process ;18;1,83;0,00898;;
393;GO:0032784;regulation of DNA-templated transcription elongation ;13;2,01;0,00924;;
394;GO:0032786;positive regulation of DNA-templated transcription, elongation ;13;2,01;0,00927;;
395;GO:0043087;regulation of GTPase activity ;13;2,01;0,00929;;
396;GO:0032970;regulation of actin filament-based process ;13;2,01;0,00931;;
397;GO:0046854;phosphatidylinositol phosphate biosynthetic process ;13;2,01;0,00934;;
398;GO:0010558;negative regulation of macromolecule biosynthetic process ;74;1,34;0,00954;;
399;GO:0009894;regulation of catabolic process ;43;1,47;0,00961;;
400;GO:0033043;regulation of organelle organization ;30;1,58;0,00962;;
401;GO:0022618;protein-RNA complex assembly ;51;1,41;0,00962;;
402;GO:0010608;post-transcriptional regulation of gene expression ;48;1,43;0,00983;;
403;GO:0006896;Golgi to vacuole transport ;7;2,57;0,0101;;
404;GO:0010629;negative regulation of gene expression ;68;1,35;0,0102;;
405;GO:0000413;protein peptidyl-prolyl isomerization ;15;1,92;0,0103;;
406;GO:0006900;vesicle budding from membrane ;22;1,7;0,0103;;
407;GO:0061014;positive regulation of mRNA catabolic process ;26;1,63;0,0103;;
408;GO:0031331;positive regulation of cellular catabolic process ;26;1,63;0,0103;;
409;GO:0008654;phospholipid biosynthetic process ;35;1,51;0,0103;;
410;GO:0032940;secretion by cell ;35;1,51;0,0103;;
411;GO:0046903;secretion ;35;1,51;0,0103;;
412;GO:0009890;negative regulation of biosynthetic process ;75;1,33;0,0103;;
413;GO:0006360;transcription by RNA polymerase I ;12;2,08;0,0104;;
414;GO:0046390;ribose phosphate biosynthetic process ;38;1,49;0,0106;;
415;GO:0141124;intracellular signaling cassette ;17;1,85;0,0113;;
416;GO:0007389;pattern specification process ;8;2,35;0,0127;;
417;GO:0007007;inner mitochondrial membrane organization ;8;2,35;0,0127;;
418;GO:0007006;mitochondrial membrane organization ;8;2,35;0,0127;;
419;GO:0006639;acylglycerol metabolic process ;8;2,35;0,0128;;
420;GO:0006638;neutral lipid metabolic process ;8;2,35;0,0128;;
421;GO:0006955;immune response ;8;2,35;0,0128;;
422;GO:0031327;negative regulation of cellular biosynthetic process ;74;1,32;0,0128;;
423;GO:0002376;immune system process ;8;2,35;0,0129;;
424;GO:0034755;iron ion transmembrane transport ;8;2,35;0,0129;;
425;GO:0006641;triglyceride metabolic process ;8;2,35;0,0129;;
426;GO:0061157;mRNA destabilization ;25;1,63;0,0129;;
427;GO:0050779;RNA destabilization ;25;1,63;0,0129;;
428;GO:0045492;xylan biosynthetic process ;19;1,75;0,0136;;
429;GO:0140352;export from cell ;40;1,47;0,0136;;
430;GO:0048367;shoot system development ;17;1,79;0,0142;;
431;GO:0006570;tyrosine metabolic process ;5;2,94;0,0144;;
432;GO:0070534;protein K63-linked ubiquitination ;5;2,94;0,0145;;
433;GO:0051205;protein insertion into membrane ;5;2,94;0,0145;;
434;GO:0051085;chaperone cofactor-dependent protein refolding ;15;1,84;0,0147;;
435;GO:1901293;nucleoside phosphate biosynthetic process ;47;1,41;0,0164;;
436;GO:0009165;nucleotide biosynthetic process ;47;1,41;0,0165;;
437;GO:0032956;regulation of actin cytoskeleton organization ;12;1,96;0,0166;;
438;GO:0006888;endoplasmic reticulum to Golgi vesicle-mediated transport ;38;1,45;0,0172;;
439;GO:0055074;calcium ion homeostasis ;14;1,87;0,0175;;
440;GO:0006874;intracellular calcium ion homeostasis ;14;1,87;0,0175;;
441;GO:0006637;acyl-CoA metabolic process ;16;1,81;0,018;;
442;GO:0006310;DNA recombination ;39;1,45;0,0183;;
443;GO:0015980;energy derivation by oxidation of organic compounds ;34;1,49;0,0193;;
444;GO:0000479;endonucleolytic cleavage of tricistronic rRNA transcript (SSU-rRNA, 5.8S rRNA, LSU-rRNA );0;NA;0,02;;
445;GO:0000422;autophagy of mitochondrion ;18;1,71;0,0218;;
446;GO:0000724;double-strand break repair via homologous recombination ;27;1,56;0,0218;;
447;GO:0051128;regulation of cellular component organization ;32;1,49;0,0223;;
448;GO:0009896;positive regulation of catabolic process ;35;1,47;0,023;;
449;GO:0051560;mitochondrial calcium ion homeostasis ;6;2,52;0,0232;;
450;GO:0001708;cell fate specification ;6;2,52;0,0232;;
451;GO:0009617;response to bacterium ;6;2,52;0,0233;;
452;GO:0003002;regionalization ;6;2,52;0,0233;;
453;GO:0006760;folic acid-containing compound metabolic process ;10;2,1;0,0233;;
454;GO:0042742;defense response to bacterium ;6;2,52;0,0234;;
455;GO:0008219;cell death ;6;2,52;0,0234;;
456;GO:0012501;programmed cell death ;6;2,52;0,0235;;
457;GO:0006575;cellular modified amino acid metabolic process ;47;1,38;0,0239;;
458;GO:0022414;reproductive process ;38;1,43;0,0243;;
459;GO:0000003;reproduction ;38;1,43;0,0243;;
460;GO:0006302;double-strand break repair ;38;1,43;0,0244;;
461;GO:0008033;tRNA processing ;32;1,47;0,0245;;
462;GO:0016197;endosomal transport ;28;1,52;0,0266;;
463;GO:0000045;autophagosome assembly ;21;1,63;0,0272;;
464;GO:0006022;aminoglycan metabolic process ;7;2,29;0,0275;;
465;GO:0110053;regulation of actin filament organization ;7;2,29;0,0275;;
466;GO:0045087;innate immune response ;7;2,29;0,0276;;
467;GO:0019432;triglyceride biosynthetic process ;7;2,29;0,0276;;
468;GO:0045814;negative regulation of gene expression, epigenetic ;17;1,72;0,0276;;
469;GO:0040029;epigenetic regulation of gene expression ;23;1,57;0,0276;;
470;GO:1902903;regulation of supramolecular fiber organization ;7;2,29;0,0277;;
471;GO:0051336;regulation of hydrolase activity ;15;1,76;0,0285;;
472;GO:1901264;carbohydrate derivative transport ;13;1,82;0,0292;;
473;GO:0006465;signal peptide processing ;8;2,14;0,0293;;
474;GO:0110154;RNA decapping ;8;2,14;0,0293;;
475;GO:0009062;fatty acid catabolic process ;13;1,82;0,0293;;
476;GO:0009312;oligosaccharide biosynthetic process ;13;1,82;0,0293;;
477;GO:0042147;retrograde transport, endosome to Golgi ;8;2,14;0,0294;;
478;GO:0000725;recombinational repair ;29;1,5;0,0317;;
479;GO:0016579;protein deubiquitination ;34;1,43;0,0332;;
480;GO:0007017;microtubule-based process ;58;1,32;0,0334;;
481;GO:0098781;ncRNA transcription ;10;1,96;0,0338;;
482;GO:0010638;positive regulation of organelle organization ;10;1,96;0,0339;;
483;GO:0032968;positive regulation of transcription elongation by RNA polymerase II ;10;1,96;0,0339;;
484;GO:0034243;regulation of transcription elongation by RNA polymerase II ;10;1,96;0,034;;
485;GO:0009250;glucan biosynthetic process ;24;1,53;0,0345;;
486;GO:0048583;regulation of response to stimulus ;29;1,47;0,0348;;
487;GO:0022613;ribonucleoprotein complex biogenesis ;113;1,21;0,0354;;
488;GO:0006635;fatty acid beta-oxidation ;12;1,86;0,0362;;
489;GO:0009152;purine ribonucleotide biosynthetic process ;27;1,5;0,0362;;
490;GO:0033993;response to lipid ;27;1,5;0,0362;;
491;GO:0009395;phospholipid catabolic process ;12;1,86;0,0363;;
492;GO:0009826;unidimensional cell growth ;4;2,94;0,0368;;
493;GO:0060560;developmental growth involved in morphogenesis ;4;2,94;0,0369;;
494;GO:1902369;negative regulation of RNA catabolic process ;4;2,94;0,0369;;
495;GO:2000779;regulation of double-strand break repair ;4;2,94;0,037;;
496;GO:0006656;phosphatidylcholine biosynthetic process ;4;2,94;0,0371;;
497;GO:0042391;regulation of membrane potential ;4;2,94;0,0372;;
498;GO:0048589;developmental growth ;4;2,94;0,0372;;
499;GO:0046470;phosphatidylcholine metabolic process ;4;2,94;0,0373;;
500;GO:0030149;sphingolipid catabolic process ;4;2,94;0,0374;;
501;GO:0034440;lipid oxidation ;18;1,65;0,0375;;
502;GO:0006813;potassium ion transport ;20;1,59;0,0386;;
503;GO:0016236;macroautophagy ;22;1,54;0,0394;;
504;GO:0016482;cytosolic transport ;9;2,04;0,0401;;
505;GO:0046474;glycerophospholipid biosynthetic process ;28;1,47;0,0427;;
506;GO:0070972;protein localization to endoplasmic reticulum ;23;1,54;0,043;;
507;GO:0045333;cellular respiration ;31;1,42;0,047;;
508;GO:0007033;vacuole organization ;23;1,5;0,0491;;
509;GO:0022900;electron transport chain ;23;1,5;0,0492;;
510;GO:0044743;protein transmembrane import into intracellular organelle ;21;1,54;0,0496;;
511;GO:0009658;chloroplast organization ;21;1,54;0,0497;;
